Questions;Reponses
Comment accéder à mes contacts eca ?;Pour accéder à la liste des contacts ECA SSURANCES ainsi qu'aux coordonnées, rendez-vous sur votre page d'acceuil de votre Espace personnel. 
Comment consulter mes documents habitation ?;"Pour consulter vos documents, rendez-vous dans la rubrique ""mes contrats"" de votre espace personnel puis cliquez sur la rubrique « mes documents"""
Ou trouver mon numéro de contrat ?;Vous pouvez retrouver votre référence contrat en vous connectant à votre espace personnel puis cliquez sur la rubrique « mes contrats »
Suis-je couvert en cas de bris de glace de mon mobilier ?;"Vous devez tout d'abord déclarer votre sinistre en passant par votre espace personnel, rubrique mes contrats puis cliquez sur ""déclarer un sinistre""dans un délai de 5 jours ouvrés maximum. A réception, notre équipe sinistres étudiera votre demande et, et besoin, missionera un expert."
Comment obtenir une attestation d'assurance ?;"pour obtenir une attestation d'assurance, rendez-vous dans la rubrique ""mes contrats"" de votre espace personnel puis cliquez sur la rubrique ""mes documents"""
Comment consulter mon contrat/ mes garanties?;"Pour consulter vos contrats, rendez-vous dans la rubrique ""mes contrats"" de votre espace personnel"
Comment se procurer un constat dégâts des eaux ?;"Pour obtenir un contat dégât des eaux, rendez-vous dans la rubrique ""mes contrats"" de votre espace personnel puis cliquez sur la rubrique ""mes documents"""
 Comment déclarer un vol ?;"Pour déclarer un vol, rendez-vous dans la rubrique ""mes contrats"" de votre espace personnel puis cliquez sur la rubrique ""déclarer un sinistre"",  dans un délai de 2 jours ouvrés à partir de la connaissance du sinistre. Il convient également de nous joindre le récépissé de la plainte. 
"
Comment obtenir une attestation scolaire ?;"pour obtenir une attestation scolaire, rendez-vous dans la rubrique ""mes contrats"" de votre espace personnel puis cliquez sur la rubrique ""mes documents""."
Comment déclarer un dégât des eaux ?;La déclaration d’un dégât des eaux doit obligatoirement être effectuée dans un délai de 5 jours après la constatation de l’incident par courrier recommandé avec accusé de réception. Dans cette lettre vous y décrirez les détails du sinistre en précisant leur origine ( fuite, infiltration) et en fournissant toutes les factures nécessaires. 
Que faire en cas de rejet de prélevement bancaire ?;"En cas de rejet de votre prélèvement, il sera représenté dans les dix jours, sans aucune demande de votre part. Sachez que vous pouvez également rvous connecter à votre espace personnel, rubrique ""mes cotisations"" puis cliquez sur la cotisation à régler."
Comment effectuer une réclamation ?;"Si vous souhaitez formuler une réclamation, Rendez-vous dans la rubrique ""mes contrats"" de votre espace personnel puis cliquez sur la rubrique ""nous contacter"""
Comment obtenir une attestation de responsabilité Civile ?;"Vous pouvez télécharger votre attestation de responsabilité civile  rendez-vous dans la rubrique ""mes contrats"" de votre espace personnel puis cliquez sur la rubrique ""mes documents""."
Comment déclarer un cambriolage ?;"Pour déclarer un cambriolage, rendez-vous dans la rubrique ""mes contrats"" de votre espace personnel puis cliquez sur la rubrique ""déclarer un sinistre"",  dans un délai de 2 jours ouvrés à partir de la connaissance du sinistre. Il convient également de nous joindre le récépissé de la plainte. "
Faut-il payer une franchise pour recevoir l’indemnisation  ?;"Si votre contrat comporte une franchise, celle-ci sera déduite de votre indemnité en cas de sinistre. Reportez-vous dans la rublique ""mes contrats"" de votre espace personnel pour en connaitre le montant. "
Mon employé cause des dégâts à mon voisin, suis-je responsable ?;votre responsabilité peut être recherché suite à des dommages causés par votre employé. Tout dépendra de la situation et de la faute commise. Vous devez procéder à une déclaration de sinistre en passant par votre espace personneL rubrique mes contrats puis cliquez sur déclarer un sinistre. Pensez à communiquer les coordonées de ECA ASSURANCE ainisi que votre numéro de contrat à la victime
"
Comment avoir une attestation d’assurance locative ?";"Pour obtenir votre attestation d'assurance locative, rendez-vous dans la rubrique ""mes contrats"" de votre espace personnel puis cliquez sur la rubrique ""mes documents"". Vous pourrez la télécharger et l'imprimer."
Mon enfant blesse un tiers, suis-je responsable ?;votre responsabilité peut être recherché suite à des dommages causés par vos enfants. Tout dépendra de la situation et de la faute commise. Vous devez procéder à une déclaration de sinistre en passant par votre espace personneL rubrique mes contrats puis cliquez sur déclarer un sinistre. Pensez à communiquer les coordonées de ECA ASSURANCE ainisi que votre numéro de contrat à la victime
Comment déclarer mon sinistre en ligne ?;"Pour déclarer votre sinistre, rendez-vous dans la rubrique ""mes contrats"" de votre espace personnel puis cliquez sur la rubrique « déclarer un sinistre. »"
Comment modifier mes informations personnelle/ bancaires ?;Pour modifier vos données, rendez-vous sur la page d'acceuil de votre espace personnel. 
Comment assurer mes appareils éléctroniques ?;Nous ne proposons pas de garantie spécifique aux appareils electroniques. 
Mes animaux sont-ils couverts ?;votre responsabilité peut être recherché suite à des dommages causés par votre animal. Tout dépendra de la situation et de la faute commise. Vous devez procéder à une déclaration de sinistre en passant par votre espace personneL rubrique mes contrats puis cliquez sur déclarer un sinistre. Pensez à communiquer les coordonées de ECA ASSURANCE ainisi que votre numéro de contrat à la victime
Suis-je couvert si j'annule mes vacances?;Votre contrat Multirisque Habitation ne prévoit pas cette garantie. L'assurance annulation de voyage est un contrat spécifique, généralement souscrit auprès de l'agence de voyages. 
Comment évaluer mon capital mobilier ?;Pour évaluer votre capital mobilier, il faut estimer la valeur totale des biens contenus dans votre logement assuré. Il comprend les meubles, l’électroménager, l’équipement audiovisuel, informatique, mais aussi les vêtements, la décoration, le matériel de loisirs, de bricolage et de jardinage.
Assurez-vous les garages/dépendances ?;Tous les batiments liés à votre habitation sont couvert s'ils sont déclarés au préalable dans votre contrat habitation .
Je suis colocataire, dois-je m'assurer ?;Vous devez obligatoirement disposer d'un contrat habitation avec la garantie risques locatifs au minimum qui permet de couvrir les dommages causés en cas d'incendie, de dégats des eaux ou explosion et ainsi qu'une garantie responsabilité civile.
Dois-je assurer mes espaces extérieures ?;"Nous vous conseillons de souscrire à la garantie du mobilier des biens extérieurs. Rendez vous sur la rubrique ""nous contacter"" de votre espace personnel afin de formuler votre demande"
Comment est calculé mon assurance ?;"Plusieurs facteurs sont pris en compte dans le calcul du prix de votre assurance habitation: "" le situation géographique"", ""vos garanties et leurs etendue "" ainsi que"" la superficie"""
Quelles sont les documents à fournir lors d’une catastrophe naturelle ?;"Vous devez nous déclarer votre sinistre en passant par la rubrique ""mes contrats"" de votre espace personnel puis cliquez sur ""déclarer un sinistre"". Ensuite un expert vous contactera et vous informera de la liste des documents à fournir.
"
Quelles sont les conditions indemnisations lors d’une catastrophe naturelle ?;Pour avoir le droit à une indemnisation, un arrêté interministériel paru au Journal Officiel doit constater l’état de catastrophe naturelle sur votre secteur géographique.
Quel délai pour déclarer son sinistre catastrophe naturelle ?;Vous devez déclarer votre sinistre dans les 10 jours qui suivent la parution de l’arrêté interministériel au Journal Officiel.
Quel est le délai indemnisation pour un dégât des eaux ?;Il n'y a pas de délai si vous passer par un artisan partenaire, puisque vous n'avancez pas les frais. Si vous réalisez les travaux vous-même, le délai est de 5 jours après avoir accepté notre proposition d'indemnité.
Quel est le délai indemnisation pour une catastrophe naturelle ?;Il n'y a pas de délai si vous passer par un artisan partenaire, puisque vous n'avancez pas les frais. Si vous réalisez les travaux vous-même, le délai est de 5 jours après avoir accepté notre proposition d'indemnité.
Mon voisin est responsable d’un dégât des eaux, que dois-je faire ?;"Rendez-vous sur la rubrique ""mes contrats"" de votre espace personnel puis cliquez sur la rubrique ""déclarer un sinistre"". Vous devrez joindre votre constat amiable remplit par chaque partie concernée responsable et victime(s) du dégât des eaux."
Comment obtenir mon attestation de télétravail ?;"Pour obtenir votre attestation de télétravail, rendez vous dans la rubrique ""mes contrats"" de votre espace personnel puis cliquez sur la rubrique ""nous contacter"", formuler votre demande en précisant le nom et prénom du bénéficiaire"
Comment résilier son contrat habitation ?;"Vous pouvez résilier votre contrat à sa prochaine échéance principale. Vous devez en faire la demande par lettre recommandée avec accusé réception en respectant un préavis de deux mois. Vous pouvez retrouver la date d'échéance de votre contrat dans votre espace personnel, rubrique ""mes contrats"""
Comment contacter l’assistance ? ;Vous pouvez joindre notre service d'assistance par téléphone au 01 49 93 73 83 (AREAS) 01 41 85 90 76 (GENERALI)
 Quelle est la procédure d’indemnisation en cas de vol ?                                                                                                                                                                                                                                                                                                                                                                                             ;"Déposez plainte puis déclarer le sinistre en passant par votre espace personnel rubrique mes contrats puis cliquez sur ""déclarer un sinistre"". Nous vous adresserons un formulaire pour lister les biens volés. "
Quelles sont les délais de déclaration en cas de vol ?;Lorsque vous etes victime d'un vol vous disposez d'un délai de 2 jours ouvrés pour déclarer le sinistre à votre assureur par courrier recommandé avec accusé de réception. 
Que faire en cas de désaccord avec le montant de l’indemnité ?;Si le rapport d’expertise effectué après le sinistre que vous avez subi ne vous satisfait pas, vous avez la possibilité de recourir à une contre-expertise. Si votre contrat comprend une garantie « honoraire d’expert » nous vous rembourseront les montants engagés, dans certaines limites.
Quelles sont les démarches lors de travaux d’agrandissement ?;En cas d’agrandissement, vous avez jusqu’à 15 jours à compter de la fin des travaux pour avertir votre assureur par lettre recommandé avec accusé de réception. Dans votre courrier, veillez à bien décrire avec précision les changements effectués dans le logement.
Quel remboursement pour les biens mobiliers ?;Les biens mobiliers sont estimés en valeurs de remplacement par un bien de même caratéristique. En fonction de votre niveau de garantie, une dépreciation peut être appliquée pour tenir compte de son âge. 
 Quel remboursement pour les biens immobiliers ?;Les biens immobiliers sont estimés par un expert en valeur de reconstruction à l'identique. En fonction de l'état d'entretien de votre bien, une dépréciation peut éventuellement être calculée par un coefficient de vétusté.
Que faire en cas de déménagement ?;voir scenario 
Comment résilier en cas de déménagement ?;"Vous pouvez résilier votre contrat à sa prochaine échéance principale, rendez-vous dans la rubrique ""mes contrats"" de votre espace personnel puis cliquez sur la rubrique ""nous contacter"" afin de formuler votre demande"
Qu’est-ce que la franchise d’assurance habitation ?;Selon le contrat que vous avez souscrit, il peut être possible de modifier le niveau de votre franchise à l'échéance principale de votre contrat. Vous pouvez en faire la demande depuis votre espace personnel.
Peut-on changer de franchise ?;Selon le contrat que vous avez souscrit, il peut être possible de modifier le niveau de votre franchise à l'échéance principale de votre contrat. Vous pouvez en faire la demande depuis votre espace personnel.
Comment télécharger mon appel de cotisation  ?;"Pour télécharger votre appel de cotisation, rendez-vous dans la rubrique ""mes contrats"" de votre espace personnel puis cliquez sur la rubrique ""mes documents""."
J’aménage une nouvelle pièce que dois-je faire ?;"Vous devrez déclarer une pièce suppémentaire pour modifer votre contrat en passant par votre espace personnel, rubrique mes contrats puis cliquez sur ""nous contacter"" Il faudra nous préciser l'usage de la pièce et sa superficie. "
Comment payer ma cotisation ?;"Pour régler votre cotisation, rendez vous dans la rubrique ""mes cotisations"" de votre espace personnel puis cliquez sur la cotisation à régler."
Puis-je résilier en cas de déménagement ?;Pour résilier votre contrat en cas de déménagement, vous devez nous en faire la demande par email ou courrier, en joignant une copie de l'état des lieux de sortie, ou une copie de facture de clôture EDF.
puis-je consulter mes contrats ?;"Pour consulter vos contrats et garanties, rendez-vous dans la rubrique ""mes contrats"" de votre espace personnel "
Que faire en cas de sinistre incendie ?;"Vous devez procéder à une déclaration au plus vite. rendez-vous dans la rubrique ""mes contrats"" de votre espace personnel puis cliquez sur la rubrique ""déclarer un sinistre"""". Nous missionerons ensuite un expert en urgence pour une première visite de reconnaissance."
Comment assurer ma résidence secondaire ?;Pour assurer votre résidence secondaire, vous devez souscrire un nouveau contrat en appelant le 0 800 573 575.
Pourquoi ma cotisation a augmenté ?;Plusieurs facteurs peuvent être à l'origine d'une hausse de cotisation : augmentation de la sinistralité globale, hausse des tarifs des professionnels du bâtiment et des matières premières, ou autre... Plus globalement, votre cotisation suit l'évolution des coûts de la construction de la fédération française du bâtiment.
Comment se passe l’expertise ?;Dans les 5 jours suivant votre déclaration, l'expert vous contactera par téléphone. Lors de ce premier échange, il estimera si l'expertise peut se faire par téléphone ou bien si il doit se déplacer
 Suis-je pénalisé en cas de négligence  ?;Un sinistre dû à un acte de négligence de votre part ne sera pas pris en charge par votre assurance.
Comment consulter mon tableau de garantie / mes garanties ?;"Pour consulter votre tableau de garanties, rendez-vous dans la rubrique ""mes contrats"" de votre espace personnel puis cliquez sur la rubrique ""mes documents"""
 Puis-je avoir recour à une contre-expertise ?;Si vous considérez que la proposition de l’assurance est trop basse ou que certains éléments de mobilier n’ont pas été pris en compte, vous êtes en droit de faire appel à un « expert d’assuré » qui réalisera une contre-expertise qui sera totalement à votre charge.
 Lors de mon déménagement, comment assurer mes biens ?;Durant sa mission, la société de déménagement est responsable des dommages causés aux biens transportés par son personnel. Il en est tout autrement lorsque les dommages sont causés par d’autres personnes. Il en est ainsi dans le cas où un autre véhicule vient heurter le camion de déménagement durant le trajet. C’est alors l’assurance du véhicule fautif qui devra indemniser le propriétaire des objets transportés.
Comment modifier mon contrat/mes garanties ?;"Pour modifier vos garanties, rendez-vous dans la rubrique ""mes contrats"" de votre espace personnel puis cliquez sur la rubrique ""nous contacter"" afin de formuler votre demande. "
Comment déclarer un bris de glace habitation ?;La déclaration de sinistre doit obligatoirement être effectuée dans un délai de 5 jours après la constatation de l’incident par courrier recommandé avec accusé de réception.
Comment suivre mes sinistres ?;"Pour suivre l'état de traitement de votre sinistre, rendez vous dans la rubrique ""mes contrats"" puis cliquez sur la rubrique ""mes sinistres"""
Comment suivre mon dossier sinistre ?;"Pour suivre l'état de traitement de votre sinistre, rendez vous dans la rubrique ""mes contrats"" puis cliquez sur la rubrique ""mes sinistres"""
Suis-je couvert en cas de vol/ perte de mes clés ?;Vous êtes couvert uniquement en passant par notre serive assistance. Vous retrouverez les coordonnées dans A voir avec DIGITAL
Comment changer mon type de prélevement ?;Comment changer mon type de prélevement ?
Quelle indemnisation en cas d’accident de mon animal ?;Le contrat d'assurance animaux couvre divers soins en cas de maladie ou d'accident, par exemple les frais de consultation, d'hospitalisation, d'examen, d'intervention chirurgicale, de stérilisation ou castration.
Comment se faire rembourser les soins de vétérinaires ?;"A l’issue de chaque consultation faites remplir votre feuille de soins par votre vétérinaire puis rendez vous sur la rubrique ""mes contrats"" puis cliquez sur déclarer un sinistre en joignant votre feuille de soins et votre facture. "
Comment être remboursé de mes frais vétérinaires ?;"Nous procéderons au remboursement des frais réglés auprès de votre vétérinaire traitant selon la couverture de votre contrat;Rendez vous sur la rubrique ""mes contrats"" puis cliquez sur déclarer un sinistre en joignant votre feuille de soins et votre facture. "
Quelles sont les démarches en cas de perte d’un animal ?;En cas de perte d'un animal, vous devez en faire la déclaration auprès de l'icad. Transmettez-nous ensuite la confirmation de l'icad afin de résilier votre contrat.
Comment être remboursé de ses frais vétérinaires ?;"Nous procéderons au remboursement des frais réglés auprès de votre vétérinaire traitant selon la couverture de votre contrat;Rendez vous sur la rubrique ""mes contrats"" puis cliquez sur déclarer un sinistre en joignant votre feuille de soins et votre facture. "
  Comment résilier mon contrat ?;Vous pouvez résilier votre contrat à sa prochaine échéance principale. Vous devez en faire la demande par lettre recommandée avec accusé réception en respectant un préavis de deux mois. 
En cas de décès de mon animal, quel montant me sera indemnisé ?;"En cas de décès de votre animal, vous percevrez un capital si vous avez souscrit à l'option assurance décès. Pour en connaitre le montant, reportez vous à votre contrat en vous connectant à votre espace personnel rubrique ""mes contrats"" puis cliquez sur ""mes documents"""
 Quel remboursement en cas d’hospitalisation de mon animal ?;En cas d'hospitalisation de votre animal, Rendez-vous dans la rubrique mes contrats de votre espace personnel puis cliquez sur declarer un sisnitre. Joignez à cette déclaration votre la facture afin de vous faire rembourser dans les plus brefs délais .
 Ou envoyer la feuille de soin de son animal ?;Rendez-vous dans la rubrique mes contrats de votre espace personnel puis cliquez sur la rubrique declarer un sinistre en joignant La feuille de soins complétée par le vétérinaire ainsi que les factures acquittées
Comment remplir la feuille de soin de son animal ?;La feuille de soin comporte deux parties. Une partie à remplir par vous-même et une autre partie à compléter par le vétérinaire.
Comment retirer mes options ?;Pour retirer une option à votre contrat, rendez vous dans la rubrique mes contrats de votre espace personnel puis cliquez sur nous contacter et formule nous votre demande
Comment changer d'option ?;Pour chnger une option à votre contrat, rendez vous dans la rubrique mes contrats de votre espace personnel puis cliquez sur nous contacter et formule nous votre demande
Quelles sont mes options ?;"Pour connaitre vos options reportez vous à votre tableau de garantie dans la rubrique ""mes contrats"" de votre espace personnel puis cliquez sur ""mes documents"""
Existe-t-il une franchise pour les assurances animaux?;"Votre contrat comporte en effet une franchise que vous pouvez retrouver dans votre espace personnel, rubrique ""mes contrats"""
ma demande de remboursement ;"Pour suivre votre demande de remboursement rendez-vous directement dans la rubrique mes contrats de votre espace personnel puis cliquez sur ""mes remboursements"" "
Comment me faire rembourser l’alimentation thérapeutique ?;Selon le niveau de garanties souscrit, vous pouvre bénéficier d'une participation sur l'alimentation thérapeutique. Rendez vous dans la rubrique mes contrats de votre espace personnel puis cliquez sur declarer un sinistre et transmettez-nous les factures à la rubrique déclarer un sinistre.
Comment suivre ma demande de remboursement ?;"Pour suivre votre demande de remboursement rendez-vous directement dans la rubrique mes contrats de votre espace personnel puis cliquez sur ""mes remboursements"" "
Comment obtenir une feuille de soin ;Pour télécharger votre feuille de soin, rendez-vous dans la rubrique mes contrats de votre espace personnel puis cliquez sur mes documents, vous pourrez la télécharger et l'imprimer
 Comment télécharger ma feuille de soin ?;Pour télécharger votre feuille de soin, rendez-vous dans la rubrique mes contrats de votre espace personnel puis cliquez sur mes documents, vous pourrez la télécharger et l'imprimer
 Mon animal a eu un accident ? que dois-je faire;"En cas d'accident de votre animal vous devez declarer votre sinistre depuis votre espace personnel, rubrique mes contrats puis cliquez sur ""declarer un sinistre"""
 Est-il possible de changer de formule ?;"Vous pouvez augmenter vos garanties à la prochaine échéance de votre contrat. Vous pouvez réduire vos garanties à tout moment à partir du premier anniversaire de votre contrat. Rendez-vous dans la rubrique ""mes contrats"" de votre espace personnel puis cliquez sur ""nous contacter"" afin de formuler votre demande"
Quelles sont mes garanties ?;"Pour consulter vos garanties, rendez-vous dans la rubrique ""mes contrats"" de votre espace personnel"
En cas de dommage causé par mon animal suis-je responsable ?;votre responsabilité peut être recherché suite à des dommages causés par vos animaux.Tout dépendra de la situation et de la faute commise,  Vous devez procéder à une déclaration de sinistre en passant par votre espace personneL rubrique mes contrats puis cliquez sur déclarer un sinistre. Pensez à communiquer les coordonées de ECA ASSURANCE ainisi que votre numéro de contrat à la victime.
Comment ajouter une option à mon contrat ?;Pour ajouter une option à votre contrat, rendez-vous dans la rubrique mes contrats de votre espace personnel puis cliquez sur nous contacter et formulez nous votre demande
Comment déclarer un sinistre RC ?;"Vous devez nous transmettre une déclaration de sinistre en expliquant les faits depuis votre espace personnel, rubrique ""mes contrats"" puis cliquez sur ""déclarer un sinistre"". Pensez à communiquer les coordonées de ECA ASSURANCE ainisi que votre numéro de contrat à la victime."
Puis-je résilier si je déménage hors de France ?;Vous pouvez mettre fin à votre contrat en cas de changement de votre domicile transmettez-nous le justificatif de votre changement de situation
Comment résilier suite à la cession de mon animal ?;Vous devez en faire la déclaration auprès de l'icade qui vous remettra une attestation de transfert de propriété. Ensuite, transmettez-nous un scan de cette attestation.
Les frais de césariennes sont-ils pris en charge ?;S'agissant d'une intervention chirurgicale, les frais de césariennes sont pris en charge à ce titre.
Puis-je résilier mon contrat si mon animal a fugué ?;Vous devez nous transmettre un courrier recommandé avec accusé de réception nous résumant la situation. Nous procéderons à la résiliation de votre contrat durant le mois en cours après réception de votre courrier.      
Mon animal est-il couvert à l’étranger ?;Tout comme en France,votre animal sera couvert en cas d’accident ou de maladie. Et les frais vétérinaires seront remboursés à hauteur de la formule souscrite . Sachez Vous aurez le choix de son vétérinaire.
Les frais d’euthanasie sont-ils couverts ?;"Selon le niveau de garanties souscrit, les frais d'euthanasie peuvent être pris en charge. Connectez-vous à votre espace personnel et reportez-vous aux tableau de garanties dans la rubrique ""mes contrats"" puis cliquez sur mes documents."
Peut-on céder un contrat d’assurance pour animaux ?;Le contrat ne peut pas être cédé. Communiqué nous les coordonnées de la personne à qui vous cédez votre animal. Nous le contacterons pour établir un noueau contrat qui prendra la suite du vôtre. Votre contrat sera alors résilié.
Comment obtenir le remboursement des médicaments ?;Pour obtenir le remboursement des médicaments faites remplir votre feuille de soins par votre vétérinaire et renvoyez-nous votre feuille de soins accompagnée de la facture dans votre espace client rubrique « mes contrats » puis cliquez sur declarer un sinistre
Puis-je ajouter un animal ?;Pour ajuter un animal, pour devez réaliser un devis, rendez vous dans la rubrique acces direct de votre espace personnel puis cliquez sur nos offres.
Puis-je supprimer un animal ?;Vous pouvez arrêter d'assurer votre animal en résiliant votre contrat. à sa prochaine échéance principale. Vous devez en faire la demande par lettre recommandée avec accusé réception en respectant un préavis de deux mois. 
 Mon remboursement est en attente suite à une demande de pièce complémentaire, pourquoi ?;Un mail vous a été transmis pour vous demander les éléments complémentaires afin de traiter votre dossier. Il peut s'agir de la carte d'identification de votre animal, ou bien d'éléments médicaux demandés par notre vétérinaire.
Comment résilier mon assurance suite au décès de mon animal ?;Désolé pour la perte de votre animal. Transmettez-nous simplement un document ou une facture du vétérinaire faisant état du décès, ou encore l'attestation de l'icade à qui vous l'avez sans doute déjà déclaré.
Comment changer la date de mon prélèvement bancaire ?;La période des prélèvements pour tous nos adhérents est fixe et se réalise entre le 8 et le 10 du mois.
Pourquoi ma cotisation a augmenté ?;Votre prime est réévaluée pour chaque contrat en fonction de la hausse globale du coût des frais vétérinaires qui sont en constantes augmentations et de vos remboursements effectués sur l’année écoulée. cette augmentation peut être liée à l'âge qui fait augmenter le risque sur le contrat. Elle permet de maintenir les garanties les plus complètes.
Que faire en cas de rejet de prélevement bancaire ?;"En cas de rejet de votre prélèvement, il sera représenté dans les dix jours, sans aucune demande de votre part. Sachez que vous pouvez également vous connecter à votre espace personnel, rubrique ""mes cotisations"" puis cliquez sur la cotisation à régler."
Quel est le délai de retractation ?;Vous disposez de 14 jours après la signature du contrat auto pour vous désengager. Attention toutefois, le début de la garantie met fin au délai de rétractation.
Quelle est le délai de renonciation ?;Vous disposez de 14 jours après la signature du contrat auto pour vous désengager. Attention toutefois, le début de la garantie met fin au délai de rétractation.
Puis-je assurer un chien de 1 er ou 2 ème catégorie ?;Tous les chiens peuvent être assurés pour les frais de soin. Nous proposons également la responsabilité civile en option pour les chiens de 2ème catégorie. Vous pouvez en faire la demande depuis votre espace client.
Quel est l'age limite pour assurer son animal ?;Il n'y a aucune limite d'âge pour un animal assuré chez nous. Dès lors qu'il est entré, avant ses 13 ans, il est couvert à vie.
Jusqu’à quelles âge mon animal est-il couvert ?;Il n'y a aucune limite d'âge pour un animal assuré chez nous. Dès lors qu'il est entré, avant ses 13 ans, il est couvert à vie.
A partir de quel âge puis-je assurer mon animal ?;Votre animal peut être couvert à partir de trois mois, mais vous pouvez souscrire dès maintenant.
Puis-je assurer plusieurs animaux ?;"Pour assurer plusieurs animaux, rendez-vous dans la rubrique mes contrats de votre espace personnel puis cliquez sur la rubrique ""nous contacter"" et formuler votre demande"
La consultation du vétérinaire est-elle remboursée ?;En cas de maladie ou accident, la consultation sans hospitalisation ni opération est couverte à partir de la formule complete
Comment transmettre ces documents ?;Rendez-vous dans la rubrique mes contrats de votre espace personnel puis cliquez sur mes documents 
Comment supprimer une option ?;Pour supprimer une option, rendez-vous dans la rubrique mes contrats de votre espace personnel puis cliquez sur nous contacter et formulez nous votre demande
Comment consulter mes contrats  ?;"Rendez vous dans la rubrique ""mes contrats"" de votre espace personnel. Vous y retrouverez toues les informations relatives à votre contrat."
Les frais de vaccination sont-ils remboursés ?;Pour le vaccin, votre contrat prévoit une participation par an. Elle est de 25 ou 50 euros selon votre formule. Retrouvez le tableau de garantie dans votre espace personnel rubrique mes contrats puis cliquez sur mes documents
 Sous combien de temps serai-je remboursé ?;Dès reception de votre feuille de soin vous serez remboursé dans un délai de 72h
Les frais de puçage ou de tatouage sont-ils pris en charge ?;Votre contrat couvre les maladies et accidents, ainsi que quelques actes de prévention comme le vaccin ou la stérilisation. Les formalités obligatoires de puçage et inscription à l'icad sont à votre charge.
Puis-je assurer mon chien de sécurité ou de chasse ?;Vous pouvez assurer chez nous votre chien de sécurité ou de chasse
Quelle sont les prestations d’assistance ?;L'assistance couvre principalement l'aide à la recherche d'animal en cas de fugue, ou encore les frais de pension animalière en cas d'hospitalisation du maître
Quels sont les délais de carence ?;Les délais de carence sont de 30 jours en cas d'accident et 60 en maladie. Selon le niveau de garantie souscrit, le délai de carence en cas d'accident peut être raccourci.
La stérilisation/castration de mon animal est-elle prise en charge?;La stérilisation étant un acte de prévention, une participation financière est prévue à hauteur de 100 euros et sans carence.
Le scanner, thermographie sont-ils remboursés ?;"Reportez vous à votre tableau de garantie dans la rubrique ""mes contrats"" de votre espace personnel puis cliquez sur ""mes documents"""
 Le détartrage est-il remboursé ?;Les frais de détartrage sont pris en charge au même titre qu'une intervention chirurgicale.
Qu'est-ce qu'une feuille de soin ?;La feuille de soin est un document qui à l’issue d’une consultation doit etre rempli par le propriétaire de l'animal et le vétérinaire, ce document permet d'être remboursé à hauteur de la formule choisie et ceux dans les meilleurs délais. 
  Comment payer ma cotisation ?;"Pour régler votre cotisation, rendez vous dans la rubrique ""mes cotisations"" de votre espace personnel puis cliquez sur la cotisation à régler."
 La radiothérapie, chimiothérapie sont-ils remboursés ?;"Reportez vous à votre tableau de garantie dans la rubrique ""mes contrats"" de votre espace personnel puis cliquez sur ""mes documents"""
 Les frais de dépistage, thérapie sont-ils remboursés ?;"Reportez vous à votre tableau de garantie dans la rubrique ""mes contrats"" de votre espace personnel puis cliquez sur ""mes documents"""
Est-ce possible de faire une simulation de prise en charge ?;"Demander à votre docteur un devis détaillé et la feuille de soin en précisant le diagnostic associé et faite le nous parvenir via notre espace personnel dans la rubrique  "" mes contrats"" puis cliquez sur ""nous contacter"""
Comment télécharger ma feuille de soin?;Pour télécharger votre feuille de soin, rendez-vous dans la rubrique mes contrats de votre espace personnel puis cliquez sur mes documents, vous pourrez la télécharger et l'imprimer
Comment remplir un constat à l’amiable ?  ;"Le constat à l'amiable doit être compléter et signer avec l'autre partie en cause. 
Cochez les cases correspondant à la situation, et réaliser un shéma clair. Matériialiser le marquage au sol et l'axe médian de la chaussée.
Précisez dans quel garage vous souhaitez que votre véhicule soit visible pour organiser l'expertise. Sachez que nous pouvons vous proposer un garage agréé qui mettra un véhicule à votre disposition pendant la durée des réparations."
Comment remplir un constat lors d’un carambolage ?;En cas d'accident avec plusieurs véhicules, vous devez compléter un constat avec chaque véhicule ayant un point d'impact avec le vôtre. Par exemple, si vous êtes percuté à l'arrière et projeté dans un véhicule, vous devez compléter deux constats : un avec le véhicule de derrière, et un  un avec le véhicule de devant. Chaque constat devra précisé que vous avez été projeté.
Comment déclarer mon sinistre en ligne ?;"Pour déclarer votre sinistre, rendez-vous dans la rubrique ""mes contrats"" de votre espace personnel puis ""déclarer un sinsitre ». Vous pourrez joindre l'ensemble des éléments necessaires au traitement de votre dossier."
Comment consulter mes contrats ?;"Pour consulter toutes les informations relatives à vos contrats, rendez-vous dans la rubrique ""mes contrats""de votre espace personnel."
Comment se procurer un constat à l’amiable ?;"Pour obtenir un constat, rendez vous dans la rubrique ""mes contrats"" de votre espace personnel puis cliquez sur ""mes documents"". Vous pourrez le técharger et l'imprimer."
Comment télécharger mon appel de cotisation ?;"Pour télécharger votre appel de cotisation, rendez vous dans la rubrique ""mes contrats"" de votre espace personnel puis cliquez sur ""mes documents"""
Je pratique le covoiturage suis-je couvert ?;Dès lors où le covoiturage reste occasionnel,et que vous n'en faites pas une activité, les personnes que vous transporterez seront couvertes.
Comment consulter mes documents ?;"Pour consulter vos documents, rendez vous dans la rubrique ""mes contrats"" de votre espace personnel puis cliquez sur ""mes documents"""
Comment consulter mon contrat/ mes garanties?;"Pour consulter vos contrats et garanties, rendez vous dans la rubrique ""mes contrats"" de votre espace personnel puis cliquez sur ""mes documents"""
Que faire en cas d'accident  ?;Commencez par sécuriser les lieux. Enfilez votre gillet jaune, prenez quelques photos et déplacez vous jusqu'à un endroit où vous serez en sécurité. En cas de blessés, prévenez les secours. Vous devez compléter et signer un constat avec la partie adverse. Vous pouvez Contactez notre service d'assistance pour faire remorquer votre véhicule s'il n'est plus en état de rouler.
Quels papiers suis-je cencé avoir au volant ?;En cas de contrôle routier, vous devrez présenter votre permis de conduire, la carte grise, le certificat d'assurance, et si votre véhicule a plus de 4 ans le contrôle technique.
Comment est déterminée ma responsabilité lors d'un accident?;Ce sont les éléments inscrits sur le constat qui détermineront votre responsabilité. C'est pour cette raison que vous devez remplir avec exactitude la situation ayant entrainé le sinistre. 
Que se passe-t-il si j'oublie de faire le contrôle technique ?;Nous vous rappelons que pour votre sécurité il est important et obligatoire de passer le contrôle technique. Le manquement à cette obligation entrainera une sanction pour défaut de contrôle technique.
Comment obtenir une attestation d'assurance ?;"Pour obtenir votre attestation d'assurance rendez vous dans la rubrique ""mes contrats"" de votre espace personnel puis cliquez sur ""mes documents"""
Que faire en cas de délit de fuite ?;"Relevez si possible le numéro d'immatriculation et si vous avez le réflexe, prenez une photo. Ensuite déposez plainte.
Puis Remplissez votre constat en faisant un croquis précis de l'accident. Mentionnez les dégâts et le délit de fuite,  et envoyer le nous dans un délai de 5 jours suivant l'évènement, sans oublier de joindre le récépissé de dépôt de plainte"
Comment vais-je etre remboursé ?;C'est l'expert qui déterminera la valeur de remboursement de votre véhicule, ou bien le montant des réparations si votre véhicule est réparable. Sachez qu'il pourra être amené à vous demander les différentes factures relatives à l'entretien.
Comment se passe le traitement d'un sinistre ?;Votre véhicule doit être déposé chez un professionnel, de votre choix, ou bien un de nos garages agréés. Si votre véhicule est réparable, l'expert passera au garage. En lien avec le réparateur, il chiffrera la remise en état, et il lui délivrera une prise en charge. Nous règlerons directement le garage et vous n'aurez que votre franchise à régler. Si votre véhicule n'est pas réparable, l'expert vous fera une proposition d'indemnisation.
L'assistance fonctionne t-elle à l'étranger ?;Notre garantie assistance au véhicule fonctionne dans tous les pays cités non-rayés sur votre carte verte.
Comment calculer mon Bonus-Malus ?;Chaque année sans sinistre responsable, vous gagnez 5% de réduction de votre coefficient. Par contre, un sinistre dans lequel votre responsabilité est engagée génèrera une majoration de 25%. 
Comment est calculé ma franchise ?;"La franchise est la somme qui reste à la charge de l'assuré suite à un sinistre. Pour retrouver le montant sur votre tableau de garantie. Pour cela, rendez vous dans la rubrique ""mes contrats"" de votre espace personnel puis cliquez sur ""mes documents"""
Le bris de glace/vol/incendie augmente t-il mon CRM?;"Pour régler votre cotisation, rendez vous dans la rubrique ""mes cotisations"" de votre espace personnel puis cliquez sur la cotisation à régler."
 Qui est responsable si je prête ma voiture ?;En cas de prêt occasionnel du véhicule, vous êtes couvert mais également responsable en cas de sinistre
Suis-je couvert en cas d’accident à l’étranger ?;Vous êtes couvert dans les pays non rayés sur votre carte verte . Si le pays est rayé, vous devrez souscrire une assurance temporaire spécifique souvent appelée assurance frontière, car elle est souscrite à l'entrée dans le pays. 
Comment régulariser mon impayé ?;"Pour mettre à jour votre cotisation, rendez vous dans la rubrique ""mes cotisations"" de votre espace personnel puis cliquez sur la cotisation à régler"
A qui peut-on prêter son véhicule ?;Le prêt de son véhicule est légal mais n'oublier pas de relire vos conditions générales car elle y précise dans quelle circonstances vous etes autorisé. en cas de sinistre du conducteur occasionelle, une franchise supplémentaire sera ajouté .
Comment ajouter une voiture ?;"Pour assurer un véhicule supplémentaire,  rendez vous dans la rubrique ""mes contrats"" de votre espace personnel puis formuler nous votre demande en cliquant sur ""nous contacter"". "
Que faire en cas de bris de glace ?;En cas de bris de glace, vous pouvez vous rendre directement chez notre partenaire France Pare Brise qui jugera si l'impact est réparable, ou si il faut procéder à un remplacement. Il s'occupera de la vérification de la garantie auprès de nos services, et des formalités.
Que faire en cas de vol ?;"Vous devez déposer une plainte au commissariat ou à la gendarmerie dans les 48 heures suivant la découverte du vol. Dans un déai de 5 jours suivant le vol connectez vous à votre espace personnel, rubrique ""mes contrats"" puis ""déclarer un sinistre"". "
Comment déclarer un sinistre auto ?;"Pour déclarer votre sinistre, rendez vous dans la rubrique ""mes contrats"" de votre espace personnel puis cliquez sur la rubrique« déclarer un sinistre. »Vous y retrouverez tous des documents necessaires à la déclaration."
Comment modifier mes informations personnelles/bancaires  ?;Pour modifier vos données, rendez-vous sur la page d'acceuil de votre espace personnel. 
 Mes enfants peuvent-ils conduire ma voiture  ?;" Dans la mesure où cela reste exceptionnel et que vous êtes l'utilisateur principal du véhciule, vos enfants peuvent conduire votre véhicule sans avoir été désigné comme second conducteur. Sachez qu'une franchise supplémentaire ""pret de volant"" sera appliquée."
Quelles sont les délais pour déclarer un sinistre auto ?;Pour un accident matériel ou corporel vous avez 5 jours ouvrés maximum dès lors où vous avez eu connaissance du sinistre.
Comment être indemnisé après un vol dans sa voiture ?;"Vous devez déposer une plainte au commissariat ou à la gendarmerie dans les 48 heures suivant la découverte du vol. Ensuite, rendez vous dans la rubrique ""mes contrats"" de votre espace personnel puis cliquez sur  ""déclarer un sinistre"" dans les cinq jours."
Comment ajouter un conducteur secondaire ?;"Pour ajouter un conducteur secondaire à votre contrat rendez vous dans la rubrique ""mes contrats"" de votre espace personnel puis cliquez sur ""nous contacter"" communiquez nous toutes les informations du conducteurs secondaire sans oublier de joindre une copie du permis de conduire et le relevé d'information "
Comment ajouter un conducteur occasionnel ?;"Si vous prêtez régulièrement votre véhicule à un conducteur, ce dernier doit être désigné sur votre contrat. rendez vous dans la rubrique ""mes contrats"" de votre espace personnel puis cliquez sur ""nous contacter""  pour formuler votre demande en nous joignant son permis de conduire et son relevé d'information"
Que faire en cas de rejet de prélevement bancaire  ?;"En cas de rejet de votre prélèvement, il sera représenté dans les dix jours, sans aucune demande de votre part. Si vous souhaitez anticiper avant es 10 jOURS et régler par carte bancaire, rendez vous dans la rubrique ""mes cotisations"" de votre espace personnel puis cliquez sur la cotisation à regler "
En cas de vol puis-je avoir un véhicule de remplacement ?;En cas de vol de votre véhicule nous vous mettons à disposition un véhicule de prêt à la seule condition d'avoir souscrit à l'option véhicule de remplacement. 
Quelles démarches si mon véhicule est incendié ?;"Après avoir constaté le sinistre, vous devez commencer par déposer plainte au commisariat de police ensuite procéder à une déclaration dans un délai de 5 jours qui suivent le sinistre. rendez vous dans la rubrique ""mes contrats"" de votre espace personnel puis cliquez sur ""déclarer un sinistre"" "
Quelles est le délai d’indemnisation après un sinistre auto ?;Généralement, nous indemnisons le professionnel et vous n'avancez pas les frais. Après réception du rapport d'expertise et des éventuelles pièces que nous avons pu vous demander, notre règlement intervient en moins d'une semaine.
Suis-je couvert lors d'une collision avec un animal ?;Vous êtes couvert en cas de collision avec un animal si vous êtes assuré tous risques. Auquel cas, il faudra avoir recours contre le propriétaire de l'animal, à condition qu'il soit identifié.
Que faire en cas de panne ?;En cas de panne, contactez notre service d'assistance dont vous retrouverez les coordonnées sur votre carte verte
Comment est déterminée la valeur de ma voiture ?;C'est l'expert qui déterminera la valeur de remboursement de votre véhicule, ou bien le montant des réparations si votre véhicule est réparable. Sachez qu'il pourra être amené à vous demander les différentes factures relatives à l'entretien.
Comment suivre mon sinistre ?;"Pour suivre l'avancement de votre sinistre rendez-vous dans votre espace personelle rubrique "" mes contrats"" puis cliquez sur ""mes sinistres"" ."
Je change de véhicule, que dois-je faire ?;Vous devez nous transmettre un scan de la carte grise en nous précisant les caractéristiques du nouveau véhicule, principalement la version exacte. Vous devez également nous préciser si vous souhaiter modifier le niveau de garanties de votre contrat. A réception, nous enregistrerons l'avenant, et nous vous adresserons votre nouvelle carte verte.
Comment recevoir mon échéancier?;"Pour obtenir votre échéancier rendez vous dans la rubrique ""mes contrats"" de votre espace personnel puis cliquez sur ""mes documents"""
Combien de conducteurs puis-je déclarer ?;Vous pouvez déclarer jusqu'à 2 conducteurs sur un même contrat
Comment ajouter une remorque ?;Vous devez nous transmettre un scan de la carte grise en nous précisant les caractéristiques de la remorque, principalement la version exacte.  A réception, nous enregistrerons l'avenant, et nous vous adresserons une carte verte.
Je déménage que dois-je faire ?;En cas de déménagement rendez vous sur page d'acceuil de votre espace personnel puis modifier vos coordonnées. 
Quand vais-je recevoir ma carte verte provisoire ?;Nous vous adressons une carte verte provisoire dès le jour de signature de votre demande d'adhésion
Quand vais-je recevoir ma carte verte définitive ?;Nous vous adressons une carte verte définitive dès validation définitive de votre contrat, c’est-à-dire à réception de l'intégralité des justificatifs demandés (carte grise, permis, relevé d'information)
Comment télécharger ma carte verte ?;"Pour télécharger votre carte verte, rendez vous dans la rubrique ""mes contrats"" de votre espace personnel puis cliquez sur ""mes documents"" pour y télécharger votre carte de verte."
Comment modifier l’usage de son véhicule ?;"Pour toute modification, rendez vous dans la rubrique ""mes contrats"" de votre espace personnel."
Comment je peux joindre mon assistant ?;Pour contacter notre service d'assistance, vous trouverez les coordonnées sur la carte verte. 
Comment contacter l’assistance ?;Pour contacter notre service d'assistance, vous trouverez les coordonnées sur la carte verte. 
 Suis-je couvert pour la perte de mes clés ?;Vous devez commencer par déclarer la perte ou le vol de vos clés auprès de la gendarmerie la plus proche. Cette procédure rapide permet la délivrance d’une attestation qui pourra servir de justificatif en cas de vol du véhicule sans effraction et prouver votre bonne foi. La reproduction de la clé est à la charge du propriétaire du véhicule.
Comment modifier son contrat/ ses garanties ?;"Pour modifier vos garanties, rendez vous dans la rubrique ""mes contrats"" de votre espace personnel puis cliquez sur ""modifier mes contrats"" "
Quelles sont mes options ?;"Pour consulter vos options il vous suffit de vous connecter à votre espace personnel puis cliquez sur la rubrique ""mes contrats"""
Quelles est le délai d’indemnisation après expertise?;Généralement, nous indemnisons le professionnel et vous n'avancez pas les frais. Après réception du rapport d'expertise et des éventuelles pièces que nous avons pu vous demander, notre règlement intervient en moins d'une semaine.
 Qu’est-ce que couvre la garantie assistance ?;En cas d'accident ou de panne, notre garantie assistance couvre le remorquage ainsi que le rapatriement du conducteur et de ses passagers
 Comment ajouter une garantie ?;"Pour ajouter une garantie, rendez vous dans la rubrique mes contrats de votre espace personnel puis ""nous contacter"" afin de formuler votre demande"
Quelles délai indemnisation en cas de vol ?;A compter de la date du vol du véhicule, le délai d'attente de 30 jours commence à courir. Pendant ce temps l'expert vous contactera pour préparer le dossier et Si le véhicule n'est pas retrouvé à l'issue de ce délai, l'expert revidendra vers vous pour les formalites de cession du véhicule et notre règlement interviendra en moins d'une semaine.
Comment retirer une garantie ?;"Pour ajouter une garantie, rendez vous dans la rubrique mes contrats de votre espace personnel puis ""nous contacter"" afin de formuler votre demande"
 Comment obtenir mon relevé d’information ?;"Pour ajouter une garantie, rendez vous dans la rubrique mes contrats de votre espace personnel puis cliquez sur ""nous contacter"" afin de formuler votre demande"
Comment changer d'option ?;"Pour changer d'option, rendez vous dans la rubrique mes contrats de votre espace personnel puis cliquez sur ""nous contacter"" afin de formuler votre demande"
 Comment désigner mon enfant en conduite accompagnée ?;Dans son livret d'apprentissage, une page spécifique est prévue pour la déclaration à l'assurance. Il vous sufffit de nous transmettre un scan de ce document, nous vous le retournerons complété et signé.
Comment retirer mes options ?;"Pour retirer une option, rendez vous dans la rubrique mes contrats de votre espace personnel puis cliquez sur""nous contacter"" afin de formuler votre demande"
Suis-je couvert si je conduis le véhicule d’un tiers ?;si vous conduisez le véhicule d'un tiers, vous n'êtes pas couvert, c'est le propriétaire du véhicule qui engage sa responsabilité
Comment changer de voiture ?;"Pour changer de voiture, rendez vous dans la rubrique mes contrats de votre espace personnel puis cliquez sur ""nous contacter"" afin de formuler votre demande"
Comment réparer un impact sur mon pare-brise ?;En cas de bris de glace, vous pouvez vous rendre directement chez notre partenaire France Pare Brise qui jugera si l'impact est réparable, ou si il faut procéder à un remplacement. Il s'occupera de la vérification de la garantie auprès de nos services, et des formalités.
Comment se passe l’expertise ?;Votre véhicule doit être déposé chez un professionnel, de votre choix, ou bien un de nos garages agréés. Si votre véhicule est réparable, l'expert passera au garage. En lien avec le réparateur, il chiffrera la remise en état, et il lui délivrera une prise en charge. Nous règlerons directement le garage et vous n'aurez que votre franchise à régler. Si votre véhicule n'est pas réparable, l'expert vous fera une proposition d'indemnisation.
Puis-je changer mon type de prélèvement ?;"Pour changer votre type de pérlèvement, rendez vous dans la rubrique mes contrats de votre espace personnel puis cliquez sur ""nous contacter"" afin de formuler votre demande"
Puis-je changer de formule ?;"Pour changer de formule, rendez vous dans la rubrique mes contrats de votre espace personnel puis cliquez sur ""nous contacter"" afin de formuler votre demande"
Quelle prise en charge en cas d’accident responsable ?;En cas d'accident responsable, votre garantie responsabilité civile prendra en charge les dommages causés aux tiers. Pour les dommages subis par votre véhicule, seule la garantie dommage tout accident peut intervenir, il est donc indispensable d'être assuré en formule tous risques. Il en est de même pour les dommages corporels subis par le conducteur, pour lesquels la garantie doit être souscrite.
Comment contacté un garage agrée ?;"Vous devez engager les frais de réparation auprès du réparateur même si actuellement certains garages vous permettent d’obtenir des délais de paiement. Vous devez ensuite faire une réclamation auprès de votre assureur afin d’accéder à vos remboursements.Si vous souhaitez vous orienté vers un garage agrée la prise en charge est rapide et les tarifs encadrés grâce à une grille tarifaire.
Il vous reste la franchise à payer, qui est déterminée dans le contrat etill n’y a pas de facture à transférer."
Quel est le délai de rétractation ?;Vous disposez d'un délai de 14 jours après la signature du contrat auto pour vous rétracter
Comment résilier mon assurance automobile ?;Vous pouvez résilier votre contrat à sa prochaine échéance principale. Vous devez en faire la demande par lettre recommandée avec accusé réception en respectant un préavis de deux mois. 
Accident sur parking, quelle prise charge ?;Il n'y a aucune particularité à un sinistre survenu sur un parking. Vous devez nous fournir le constat amiable à compléter et signer avec l'autre partie en cause.
Comment souscrire une assurance auto?;Le bris de glace couvre le pare-brise, l'ensemble des vitres latérales et arrière du véhicule, ainsi que les optiques de phares avant. Les feux arrières ne sont jamais couverts par la garantie bris de glace.
Quels type de véhicule puis-je assuré?;Nous assurons l'ensemble de la gamme des véhicules particuliers, dont la conduite est autorisée par le permis B, et dont la valeur est inférieure 45.000 euros.
Assurez-vous les voiturette ?;Les voiturettes font l'objet d'un contrat spécifique que nous ne proposons pas à ce jour.
Que risque t-on sans assurance ? ;Conduire sans assurance est un délit et expose à des sanctions sévères. Mais au-delà de des sanctions, cela revient à assumer seul les conséquences financières en cas d’accident grave avec dommages corporels ou dégâts importants à un autre véhicule.
Comment choisir mon assurance auto ?;Les deux-roues font l'objet d'un contrat spécifique que nous ne proposons pas à ce jour.
Le dépannage, remorquage sont-ils pris en charge ?;"Pour connaitre la date d'échéance de votre contrat, rendez vous dans la rubrique ""mes contrats"" de votre espace personnel "
Qu'est-ce qu'une franchise ?;"La franchise est la somme qui reste à la charge de l'assuré suite à un sinistre, pour en connaitre le montant rendez vous dans la rubrique ""mes contrats"" de votre espace personnel puis cliquez sur ""mes documents"""
Comment suivre mes sinistres ?;"Pour suivre l'état de traitement de votre sinistre, rendez vous dans la rubrique ""mes contrats"" puis cliquez sur la rubrique ""mes sinistres"""
Changer mon contrat d'assurance;"Pour modifier vos garanties, rendez-vous dans la rubrique ""mes contrats"" de votre espace personnel puis cliquez sur la rubrique ""nous contacter"" afin de formuler votre demande. "
l'assistant;Pour contacter notre service d'assistance, vous trouverez les coordonnées sur la carte verte.
comment vas-tu;Salut ! Je suis ici pour répondre à toutes vos questions, demandez-moi ce que vous voulez!
bonjour;Salut ! Comment je peux vous aider
bonsoir;Salut ! Comment je peux vous aider
hello;Salut !
salut;Salut
Souhaitez-vous savoir Comment obtenir un attestation d'assurance ?;"pour obtenir une attestation d'assurance, rendez-vous dans la rubrique ""mes contrats"" de votre espace personnel puis cliquez sur la rubrique ""mes documents"""
comment ça va se passer l'expertise;Dans les 5 jours suivant votre déclaration, l'expert vous contactera par téléphone. Lors de ce premier échange, il estimera si l'expertise peut se faire par téléphone ou bien si il doit se déplacer
Comment se passe l’expertise ?;Dans les 5 jours suivant votre déclaration, l'expert vous contactera par téléphone. Lors de ce premier échange, il estimera si l'expertise peut se faire par téléphone ou bien si il doit se déplacer
oui;bon
d'accord;okay
Quels remboursement pour les soins courants ?;"Le montant du remboursement dépend de la formule souscrite. Pour consulter vos garanties, rendez vous dans la rubrique ""mes conrats"" de votre espace personnel puis cliquez sur mes documents."
Quels remboursement pour les aides auditives ?;"Le montant du remboursement dépend de la formule souscrite. Pour consulter vos garanties, rendez vous dans la rubrique ""mes conrats"" de votre espace personnel puis cliquez sur mes documents."
En cas d’hospitalisation, puis-je bénéficier d’une chambre particulière ?;"La prise en charge de la chambre seule en cas d'hospitalisation dépend de la formule souscrite. Pour consulter vos garanties et vérifier si vous pouvez en bénéficier, rendez vous dans la rubrique ""mes conrats"" de votre espace personnel puis cliquez sur mes documents"
A qui dois-je envoyer mes feuilles de soins « remboursement santé » ?;Vous pouvez nous adresser toutes vos demandes de remboursement à l'adresse suivante ECA ASSURANCES BOITE POSTALE 83 92115 CLICHY CEDEX. Je répète l'adresse : ECA ASSURANCES BOITE POSTALE 83 92115 CLICHY CEDEX
Comment ajouter un bénéficiaire ?;Pour rajouter un ou plusieurs ayants droit qui bénéficieront ainsi des même garanties que vous, il vous suffit simplement d'effectuer votre demande en joignant l'attestations vitale depuis dans  votre Espace personnel puis cliquez sur la rubrique contact et séléctionnez envoyer une demande. 
Comment obtenir une prise en charge de mes soins ?;Vérifiez si  la télétransmission est activée entre votre régime obligatoire et la mutuelle vous n'avez aucune démarche à effectuer. Si votre régime obligatoire n'est pas encore relié, vous devez nous transmettre l'original de votre décompte de la sécurité sociale accompagné de tout justificatif de paiement par courrier.
Comment supprimer un bénéficiaire ?;Pour obtenir la radiation d'un ou plusieurs bénéficiaires, adressez nous un courrier recommandé et indiquez : Les noms et prénoms des bénéficiaires à radier, le ou les contrat(s) concerné(s), ainsi que le motif et un justificatif. La suppression sera effective lors de l'échéance annuelle de votre contrat. 
Comment simuler un remboursement santé ?;"Vous pouvez nous transmettre votre devis pour connaître le montant de notre participation. Rendez-vous en page d'accueil de votre espace personnel puis cliquez sur sur ""contactez-nous"""
"Comment accéder à mes contacts ""Eca""";Pour accéder à la liste des contacts ECA SSURANCES ainsi qu'aux coordonnées, rendez-vous sur votre page d'acceuil de votre Espace personnel. 
Comment modifier mes informations personnelles/bancaires  ?;"Pour modifier vos données, il vous suffit de vous connecter à votre espace personnel puis cliquez sur la rubrique "" mes données personnelles"". Vous pourrez ainsi modifier l'ensemble de vos données."
Comment suis-je couverte en cas de grossesse ?;La prise en charge pour la maternité dépend de la formule souscrite. Pour consulter vos garanties et vérifier si vous pouvez en bénéficier,  connectez-vous à votre Espace Personnel, puis cliquez sur la rubrique mes contrats.
Quelle est la date d'échéance de mon contrat ?;La date d'échéance de votre contrat est le XX/XX/XXXX 
Suis-je remboursé en cas de dépassement d'honoraire ?;La prise en charge des dépassements d'honoraires dépend de la formule souscrite. Pour consulter vos garanties et vérifier si vous pouvez en bénéficier, rendez-vous dans la rubrique mon contrat de votre Espace Personnel, puis cliquez sur mes documents.
Dois-je avancer mes frais ?;si vous disposez d'une carte de tiers-payant vous n'avez aucune avance de frais pour un soin, une consultation ou un achat en pharmacie par exemple.  Il vous suffit juste de la présenter directement à votre professionnel de santé.
Comment consulter mon contrat/mes garanties  ?;Pour consulter votre contrat, rendez-vous dans la rubrique mon contrat de votre Espace Personnel, et pour accéder à votre tableau de garanties cliquez sur mes documents.
Sous quels délais mes dépenses de santé sont-elles remboursées ?;Pour toute avance de frais, le délai est de 72 heures à compter de la réception des informations de la part de votre régime obligatoire. Vos remboursements seront versés automatiquement sur votre compte bancaire.
Comment recevoir mon tableau de garanties ?;Pour obtenir votre tableau de garanties rendez-vous dans la rubrique mon contrat de votre Espace Personnel, puis cliquez sur mes documents. Vous pourrez le télécharger et l'imprimer.
Puis-je changer de formule ?;Il est tout à fait possible de modifier votre contrat d’assurance santé pour augmenter vos garanties. Pour cela rendez-vous dans la rubrique mon contrat de votre Espace Personnel, puis cliquez sur nous contacter.
 Comment suivre mes remboursements santé ?;Pour suivre vos derniers remboursements  rendez-vous dans la rubrique mon contrat de votre Espace Personnel, puis cliquez sur mes remboursments.
Comment se faire rembourser d'une Teleconsultation ?;Dans le cas où la télétransmission entre votre régime obligatoire et la mutuelle est activée vous n'avez aucune démarche à effectuer, tous les paiements sont en transmission automatique. Si votre régime obligatoire n'est pas encore relié, vous devez transmettre votre décompte de la sécurité sociale accompagné de tout justificatif de paiement.
Comment savoir si le praticien pratique le tiers payant ?; Les professionnels de santé qui le souhaitent ont la possibilité de proposer, à tous leurs patients, le tiers payant. Il vous suffit uniquement d'en faire la demande au moment de votre prise de rendez-vous.
 Comment me faire rembourser mes frais de santé à l’étranger ?;Rendez-vous sur le site ameli.fr puis complétez le formulaire CERFA 12267. Une fois remplit transmettez le à votre régime obligatoire. Sachez que les prestations seront ensuite transmises automatiquement à la mutuelle si vous bénéficiez de la transmission automatique.
Puis-je télécharger ma carte de tiers payant ?;Pour télécharger et imprimer votre carte de tiers-payant, rendez-vous dans la rubrique mon contrat de votre Espace Personnel, puis cliquez sur mes documents.
J’ai perdu ma carte de tiers payant? ;Pour télécharger et imprimer votre carte de tiers-payant, rendez-vous dans la rubrique mon contrat de votre Espace Personnel, puis cliquez sur mes documents.
 A qui dois-je envoyer mes feuilles de soins ?;Dans le cas où vous n'avez pas présenté votre carte vitale, vous devez envoyer votre feuille de soins à votre caisse primaire d'assurance maladie.
 Quels sont les services d’assistance en cas d’hospitalisation ?;En cas d'hospitalisation et si vous bénéficiez de l'assistance, plusieurs services vous permettent de rendre votre sejour plus agréable comme , l'Aide à domicile,l'Aide ménagère, la Garde d’animaux de compagnie. Pour en bénéficier, contactez notre partenaire FILASSISTANCE au 01 70 36 06 52. Je repète le numéro : 01 70 36 06 52
Comment signaler mon changement de régime de sécurité sociale ?;En cas de changement de régime obligatoire de Sécurité sociale, il est impératif de nous le signaler en nous transmettant uniquement la copie de votre nouvelle attestation vitale.
Quelles formalités en cas de naissance ?;Pour déclarer la naissance de votre enfant, il vous suffit simplement de nous transmettre un acte de naissance ainsi qu'une attestation d'ouverture de droits au régime obligatoire.
Comment se faire rembourser le forfait journalier en hospitalisation ?;Dans le cas où vous n'avez pas fait au préalable une demande de prise en charge hospitalière et que vous avez réglé le forfait journalier, vous devez nous  adresser l'attestation de paiement ainsi que l'avis des sommes à payer.
 Comment activer la télétransmission ?;Pour mettre en place les échanges automatiques avec votre régime obligatoire, il vous suffit de nous transmettre votre attestation vitale. La télétransmission sera effective sous 8 jours après notre demande.
Comment fait-on pour joindre un conseiller ?;Notre service relations clients est disponible au 09 69 32 04 18 du lundi au vendredi de 9h00 à 18h00 et le samedi de 9h00 à 13h00. Je répète le numéro : 09 69 32 04 18
Comment consulter mes derniers remboursement ?;Pour consulter vos derniers remboursements  rendez-vous dans la rubrique mon contrat de votre Espace Personnel, puis cliquez sur mes remboursments.
Comment modifier mon moyen de paiement ?;Pour modifier votre mode de paiment de votre cotisation. Il vous suffit de nous en faire la demande par mail. Sous réserve de son acceptation, la modification interviendra à la prochaine échéance annuelle de votre contrat.
Comment annuler la télétransmission ?;La transmission automatique permet à la mutuelle de vous rembourser plus rapidement. Si vous ne souhaitez pas en bénéficier, rendez-vous dans la rubrique mon contrat de votre Espace Personnel, puis cliquez sur nous contacter. Nous ne recevrons plus vos demandes de remboursements complémentaires et celles-ci devront être envoyées par vous meme par courrier.
Comment modifier son contrat santé ?;"Pour modifier votre contrat d’assurance santé pour augmenter vos garanties. rendez-vous dans la rubrique mon contrat de votre Espace Personnel, puis cliquez sur ""nous contacter"" et formuler votre demande,"
Comment joindre le service remboursement ?;Vous pouvez contacter notre service relations clients au 09 69 32 04 18 du lundi au vendredi de 9h00 à 18h00 et le samedi de 9h00 à 13h00. Je répète le numéro : 09 69 32 04 18
Que faire en cas de rejet de prélevement bancaire  ?;"Dès lors que vous constatez le rejet des prélèvements, vous pouvez régulariser votre cotisation sur votre espace personnel dans la rubrique ""mon contrat"" puis cliquez sur la cotisation à régler."
Quelle est le délai de renonciation ?;Vous bénéficiez d’un délai de rétractation de 14 jours calendaires à compter de la date de souscription . Pour faire valoir votre droit de rétractation, vous pouvez nous adresser votre demande depuis votre espace personnel dans la rubrique mes conttrats puis cliquez sur nous contacter.
Les frais d’ostéopathie sont-ils remboursés ?;"Cela dépend de la formule souscrite. Pour consulter vos garanties, rendez vous dans la rubrique ""mes conrats"" de votre espace personnel puis cliquez sur mes documents"
Les cures thermales sont-elles prises en charge ?;"Cela dépend de la formule souscrite. Pour consulter vos garanties, rendez vous dans la rubrique ""mes conrats"" de votre espace personnel puis cliquez sur mes documents"
Comment ne pas faire l’avance de mes frais de soins ?; Le tiers payant est un moyen qui vous permet de ne pas avoir à avancer vos frais de soins. Il vous suffit de présenter votre carte vitale ainsi que votre carte de tiers-payant mutuelle.
Comment changer la date de mon prélèvement bancaire ?;le jour officiel des prélèvements est le 10 du mois. Mais en fonction des week-end et jours fériés les prélèvements peuvent être présentés entre le 8 et le 11.
Comment effectuer une réclamation ?;"Si vous souhaitez formuler une réclamation,  rendez vous dans la rubrique ""mes contrats"" de votre espace personnel puis cliquez sur nous contacter"
 Comment se faire rembourser ses frais de santé ?;Pour les soins non pris en charge par la Sécurité sociale et dans le cas où vous auriez fait l'avance des frais, adressez nous  les factures détaillées et acquittées originales accompagnées du décompte de la sécurité de sociale.
Quelles formalités en cas de décès ?;En cas de décès, il convient d'envoyer l'acte de décès à la mutuelle du défunt. 
J’ai changé de coordonnées, que dois-je faire ?;Pour modifier vos coordonnées, rendez-vous en page d'accueil de votre espace personnel puis accéder directement à vos données personnelles pour toute modification. 
 Je me suis marié, quelles sont les démarches ?;Vous devez transmettre  à la mutuelle une copie de l’acte de mariage ou du livret de famille accompagnée de l’attestation de Sécurité sociale actualisée du conjoint doit être .
 Quelles démarches en cas de déménagement ?;En cas de déménagement, rendez-vous en page d'acceuil de votre espace personnel puis accéder directement à vos données personnelles pour toute modification.  Si vous avez changé de département, pensez bien à nous adresser votre nouvelle attestation vitale .
Comment obtenir un certificat de radiation ?;Si votre contrat est résilié, votre certificat de radiation sera transmis automatiquement par courrier et par mail.
Quelle est la validité de ma carte de tiers-payant ?;Votre carte de tiers-payant  est valable pendant une durée de six mois, sous réserve d’être à jour du paiement des cotisations. Cette carte est ensuite renouvellée automatiquement.
Quand vais-je recevoir ma carte de tiers-payant ?;Votre carte de tiers-payant est envoyée 5 jours avant la date de début de votre contrat. Si votre contrat a déjà démarré, alors elle sera transmise 5 jours après la date de signature.
Quelles sont les disponibilités du service client ?;Vous pouvez contacter notre service relations clients au 09 69 32 04 18 du lundi au vendredi de 9h00 à 18h00 et le samedi de 9h00 à 13h00. Je répète le numéro : 09 69 32 04 18
Quelle prise en charge pour les frais d’optique ?;"Cela dépend de la formule souscrite. Pour consulter vos garanties, rendez vous dans la rubrique ""mes conrats"" de votre espace personnel puis cliquez sur mes documents"
Que faire en cas changement de ma situation familiale ?;Si vous souhaitez mettre à jour votre situation familiale,  rendez-vous en page d'accueil de votre espace personnel puis accéder directement à vos données personnelles pour toute modification. Sachez qu'il est possible que nous revenions vers vous pour vous demandez des pièces justificatives.
Comment fonctionne mes remboursements d’optique ? Quel remboursement pour mes frais d'optique ?;"Cela dépend de la formule souscrite. Pour consulter vos garanties, rendez vous dans la rubrique ""mes conrats"" de votre espace personnel puis cliquez sur mes documents. Vous pouvez d'ores et déjà demandé un devis auprès de votre opticien."
Comment sont remboursé les soins dentaires ? Quel remboursement pour mes soins dentaire ?;"Cela dépend de la formule souscrite. Pour consulter vos garanties, rendez vous dans la rubrique ""mes conrats"" de votre espace personnel puis cliquez sur mes documents.. Vous pouvez d'ores et déjà demandé un devis auprès de votre dentiste."
Comment est remboursé une chambre particulière ? Quel remboursement pour une chambre particulière ? ;"Cela dépend de la formule souscrite. Pour consulter vos garanties, rendez vous dans la rubrique ""mes conrats"" de votre espace personnel puis cliquez sur mes documents."
Comment se faire rembourser en cas d’avance de ses frais de santé ?;Dans le cas ou vous auriez fait l'avance des frais, il convient d'adresser  les factures détaillées et acquittées originales accompagnées du décompte de la sécurité de sociale.
Comment obtenir le remboursement de la médecine douce?;Si votre garantie prévoit cette prestation, il convient de nous adresser  les factures détaillées et acquittées originales.
Pratiquez-vous le tiers payant ?;Nous pratiquons le tiers payant avec tous les professionnels et etablissements de santé qui acceptent ce dispositif. Il vous permet d'etre dispensé de l'avance de frais de santé. Il vous suffira simplement de présenter votre carte de tiers-payant.
Que couvre les frais optiques ?;"Cela dépend de la formule souscrite. Pour consulter vos garanties, rendez vous dans la rubrique ""mes conrats"" de votre espace personnel puis cliquez sur mes documents."
Ai-je droit à la prime de naissance ?;"Le versement de la prime de naissance dépend de la formule souscrite. rendez vous dans la rubrique ""mes conrats"" de votre espace personnel puis cliquez sur mes documents."
Que couvre les frais d'hospitalisation ?;"Pour savoir ce que couvre les frais d'hospitalisations, il faut vous référer à votre tableau de garantie que vous pouvez retrouver dans la rubrique ""mes conrats"" de votre espace personnel puis cliquez sur mes documents ."
